[
  {
    "name": "theme_info",
    "settings_validatable": true,
    "theme_name": "Curent User Information - Helper Theme",
    "theme_version": "0.0.1",
    "theme_author": "Jason Go",
    "theme_documentation_url": "https://github.com/jasongodev/osi4kjb-currentuser-theme",
    "theme_support_url": "https://github.com/jasongodev/osi4kjb-currentuser-theme/discussions"
  },
  {
    "name": "Base URL Redirection",
    "elements": [
      {
        "type": "header",
        "content": "Base URL Redirection"
      },
      {
        "type": "radio",
        "id": "base_url_redirection",
        "label": "Redirect to this page when the page url is accessed. For example, if this page's url is \"/currentuser\", then the JSON file will be \"/currentuser.json\". If someone visits /currentuser only, they will be redirected to the page set in this option.",
        "default": "/settings/account",
        "options": [
          {
            "value": "/settings/account",
            "label": "Account Settings"
          },
          {
            "value": "/library",
            "label": "Library"
          },
          {
            "value": "/",
            "label": "Homepage"
          },
          {
            "value": "blank",
            "label": "Blank page"
          },
          {
            "value": "json",
            "label": "Output JSON"
          }
        ]
      }
    ]
  },
  {
    "name": "About This Theme",
    "elements": [
      {
        "type": "header",
        "content": "Current User Information - Helper Theme",
        "info": "This Kajabi helper theme allows you to get the current user information to be used for client-side scripting. It only sends user information of the logged in user."
      },
      {
        "type": "header",
        "content": "Copyright 2022 Jason Go",
        "info": "https://github.com/jasongodev/osi4kjb-currentuser-theme"
      },
      {
        "type": "header",
        "content": "Open Source License",
        "info": "This program is free software: you can redistribute it and/or modify it under the terms of the GNU General Public License as published by the Free Software Foundation, version 3 of the License only. This program is distributed in the hope that it will be useful, but WITHOUT ANY WARRANTY; without even the implied warranty of MERCHANTABILITY or FITNESS FOR A PARTICULAR PURPOSE. See the GNU General Public License for more details. You should have received a copy of the GNU General Public License along with this program. If not, see <https://www.gnu.org/licenses/>."
      }
    ]
  }
]